Timestamp,Flex1,Flex2,Flex3,Flex4,Flex5,AccelX,AccelY,AccelZ,GyroX,GyroY,GyroZ
2024-12-25 19:30:19,785,783,783,779,766,-4.12,-0.41,9.62,-0.05,0.30,0.01
2024-12-25 19:30:19,786,785,782,780,768,-3.50,-0.46,9.29,-0.06,-0.04,-0.08
2024-12-25 19:30:19,789,786,781,782,767,-3.66,-0.40,9.84,0.11,-0.08,-0.04
2024-12-25 19:30:19,790,786,783,781,766,-3.78,-0.48,9.96,-0.15,0.11,0.05
2024-12-25 19:30:19,790,790,786,784,768,-3.75,-0.72,9.61,-0.80,-0.32,0.00
2024-12-25 19:30:19,789,791,790,785,769,-3.43,-1.71,9.88,-0.06,-0.04,-0.08
2024-12-25 19:30:19,792,793,789,789,769,-3.93,-1.71,9.32,0.07,0.13,0.05
2024-12-25 19:30:19,792,791,790,786,769,-3.40,-1.37,10.37,-0.08,-0.14,-0.25
2024-12-25 19:30:19,790,793,794,792,769,-2.70,-2.54,9.34,-0.52,0.11,-0.01
2024-12-25 19:30:19,788,792,793,791,770,-2.92,-1.95,9.25,1.05,0.37,0.18
2024-12-25 19:30:19,788,787,785,780,767,-4.04,-0.48,9.60,0.58,0.07,0.29
2024-12-25 19:30:19,791,784,782,784,769,-3.87,-0.28,10.02,0.14,0.08,0.08
2024-12-25 19:30:19,791,784,785,782,768,-4.25,-0.08,9.42,-0.04,0.11,0.01
2024-12-25 19:30:19,791,784,784,784,767,-4.02,-0.06,9.45,-0.18,0.25,0.02
2024-12-25 19:30:19,790,785,785,783,767,-3.96,0.20,9.73,0.04,-0.12,-0.06
2024-12-25 19:30:19,792,784,783,782,767,-3.80,-0.23,9.57,0.04,-0.13,-0.02
2024-12-25 19:30:19,792,786,783,783,769,-4.17,0.04,9.84,-0.08,0.09,0.02
2024-12-25 19:30:19,792,786,785,784,768,-3.63,-0.10,9.49,-0.14,-0.04,-0.06
2024-12-25 19:30:19,792,787,787,782,768,-3.68,-0.06,10.08,-0.08,0.00,-0.01
2024-12-25 19:30:19,793,789,786,784,767,-3.94,-0.33,9.34,-0.10,0.03,-0.00
2024-12-25 19:30:19,794,789,788,785,768,-3.96,-0.37,9.73,-0.05,0.10,0.03
2024-12-25 19:30:19,792,789,786,784,769,-4.05,-0.32,9.52,-0.11,0.01,0.00
2024-12-25 19:30:19,792,782,777,777,768,-3.83,-0.31,9.66,0.15,0.01,0.04
2024-12-25 19:30:19,792,783,778,775,768,-3.89,0.06,9.56,0.18,0.04,0.02
2024-12-25 19:30:19,792,782,775,775,768,-3.91,0.66,9.85,0.12,-0.01,-0.09
2024-12-25 19:30:19,790,783,774,773,771,-3.82,0.49,9.55,-0.11,0.02,0.01
2024-12-25 19:30:19,789,783,778,776,770,-4.22,0.31,9.59,-0.11,0.04,-0.11
2024-12-25 19:30:19,790,782,778,776,768,-3.92,0.29,9.74,-0.12,0.00,0.03
2024-12-25 19:30:19,792,781,775,775,769,-3.94,0.26,9.55,-0.02,-0.02,0.02
2024-12-25 19:30:19,790,781,777,775,769,-3.90,0.43,9.66,0.06,-0.01,-0.02
2024-12-25 19:30:19,775,782,776,772,768,-3.81,0.79,9.69,0.02,0.09,-0.02
2024-12-25 19:30:19,763,781,777,773,766,-3.86,0.65,9.70,-0.02,0.05,-0.05
2024-12-25 19:30:19,763,779,774,772,767,-3.86,0.65,9.61,-0.10,-0.03,-0.02
2024-12-25 19:30:19,762,779,778,773,767,-3.79,0.57,9.61,0.07,0.02,-0.01
2024-12-25 19:30:19,759,779,774,771,766,-3.65,0.74,9.86,-0.01,0.03,-0.02
2024-12-25 19:30:19,760,778,772,774,767,-3.81,0.72,9.67,-0.09,-0.01,-0.01
2024-12-25 19:30:19,759,779,776,774,766,-3.78,0.66,9.74,-0.20,0.05,-0.00
2024-12-25 19:30:19,763,781,777,775,765,-3.92,0.21,9.71,-0.22,0.11,-0.00
2024-12-25 19:30:19,764,781,778,778,767,-3.96,0.15,9.57,-0.07,0.06,0.01
2024-12-25 19:30:19,771,782,780,778,769,-3.96,0.19,9.67,-0.06,0.05,0.01
2024-12-25 19:30:19,773,784,781,780,767,-4.01,0.24,9.54,-0.03,0.01,-0.01
2024-12-25 19:30:19,773,782,780,778,766,-4.02,0.26,9.66,-0.03,0.04,-0.01
2024-12-25 19:30:19,770,782,780,779,767,-3.91,0.18,9.62,-0.04,0.00,0.01
2024-12-25 19:30:19,772,782,777,777,767,-3.82,0.17,9.73,0.03,-0.03,-0.03
2024-12-25 19:30:19,772,782,779,778,768,-3.67,0.21,9.82,-0.07,-0.03,-0.00
2024-12-25 19:30:19,769,780,776,775,766,-3.79,0.22,9.66,-0.04,0.04,-0.00
2024-12-25 19:30:19,770,780,777,773,766,-3.67,0.23,9.77,-0.02,0.06,-0.04
2024-12-25 19:30:19,771,780,776,774,766,-3.79,0.21,9.55,0.02,0.08,-0.04
2024-12-25 19:30:19,773,779,779,777,768,-3.83,0.37,9.78,0.02,0.01,-0.04
2024-12-25 19:30:19,770,780,777,777,767,-3.60,0.31,9.68,-0.12,-0.02,-0.01
2024-12-25 19:30:19,772,781,778,778,768,-3.89,0.24,9.52,0.01,-0.02,-0.04
2024-12-25 19:30:19,773,783,779,778,769,-3.56,0.42,10.02,-0.02,-0.01,-0.05
2024-12-25 19:30:19,773,781,779,776,768,-3.59,0.27,9.75,-0.09,0.02,0.01
2024-12-25 19:30:19,773,781,779,778,767,-3.71,0.29,9.69,-0.02,0.02,-0.03
2024-12-25 19:30:19,773,781,780,778,767,-3.65,0.29,9.82,-0.03,0.03,-0.01
2024-12-25 19:30:19,774,782,779,778,767,-3.50,0.17,9.72,-0.13,0.02,0.00
2024-12-25 19:30:19,777,782,779,779,767,-3.74,0.27,9.92,-0.05,0.01,-0.02
2024-12-25 19:30:19,775,781,776,774,768,-3.48,0.48,9.66,0.01,-0.04,0.04
2024-12-25 19:30:19,773,780,774,774,767,-3.61,0.77,9.13,0.00,0.24,0.03
2024-12-25 19:30:19,774,781,776,774,768,-3.62,0.45,10.10,-0.36,0.17,0.10
2024-12-25 19:30:19,772,779,775,776,767,-4.46,0.20,9.32,-0.10,-0.24,0.11
2024-12-25 19:30:19,774,781,779,776,767,-3.62,0.40,9.91,-0.04,0.03,-0.01
2024-12-25 19:30:19,773,780,777,775,768,-3.65,0.39,9.68,-0.07,0.04,-0.05
2024-12-25 19:30:19,773,781,778,778,765,-3.64,0.31,9.74,-0.06,0.02,-0.06
2024-12-25 19:30:19,774,781,778,777,768,-3.57,0.29,9.82,-0.06,0.08,-0.03
2024-12-25 19:30:19,775,780,778,777,767,-3.77,0.31,9.79,-0.03,0.02,-0.03
2024-12-25 19:30:19,775,780,779,778,767,-3.70,0.27,9.72,-0.04,0.05,-0.03
2024-12-25 19:30:19,775,780,779,778,767,-3.71,0.24,9.82,-0.04,0.03,-0.03
2024-12-25 19:30:19,777,782,781,777,767,-3.77,0.17,9.59,-0.06,0.02,-0.04
2024-12-25 19:30:19,776,783,780,779,768,-3.68,0.16,9.74,-0.01,0.03,-0.02
2024-12-25 19:30:19,774,780,780,778,767,-3.78,0.15,9.69,-0.02,0.02,-0.04
2024-12-25 19:30:19,778,784,780,778,767,-3.66,0.13,9.72,-0.04,0.03,-0.04
2024-12-25 19:30:19,776,784,781,781,767,-3.45,0.15,9.63,-0.03,-0.40,-0.28
2024-12-25 19:30:19,774,783,780,779,767,-3.43,-0.03,9.86,-0.10,0.06,0.02
2024-12-25 19:30:19,776,785,781,779,767,-3.52,0.20,9.87,0.00,0.11,-0.03
2024-12-25 19:30:19,777,784,781,778,768,-3.83,0.07,9.68,-0.03,0.05,-0.03
2024-12-25 19:30:19,778,786,784,781,768,-3.71,0.13,9.79,-0.02,0.07,-0.03
2024-12-25 19:30:19,776,783,783,780,768,-3.72,0.10,9.67,-0.07,0.03,-0.02
2024-12-25 19:30:19,776,782,782,781,769,-3.75,0.04,9.63,-0.06,0.04,-0.01
2024-12-25 19:30:19,777,783,783,781,767,-3.62,0.11,9.81,-0.03,0.01,-0.03
2024-12-25 19:30:19,777,783,782,780,768,-3.84,-0.13,9.64,-0.08,0.02,-0.04
2024-12-25 19:30:19,777,783,781,781,769,-3.70,-0.05,9.81,-0.00,0.04,-0.01
2024-12-25 19:30:19,776,785,782,782,768,-3.91,-0.10,9.63,-0.01,0.05,-0.03
2024-12-25 19:30:19,777,783,781,780,768,-3.82,-0.11,9.69,-0.05,0.04,-0.02
2024-12-25 19:30:19,779,782,783,782,768,-3.86,-0.13,9.67,-0.09,0.06,0.01
2024-12-25 19:30:19,780,783,782,779,767,-3.90,-0.17,9.66,-0.03,0.04,0.02
2024-12-25 19:30:19,779,783,782,779,767,-4.00,-0.08,9.65,-0.04,0.04,-0.01
2024-12-25 19:30:19,778,782,783,778,768,-3.98,-0.16,9.64,-0.04,0.02,-0.01
2024-12-25 19:30:19,778,784,781,780,768,-4.01,-0.11,9.59,-0.06,0.04,-0.01
2024-12-25 19:30:19,779,782,780,780,767,-3.98,-0.11,9.62,-0.02,0.06,-0.00
2024-12-25 19:30:19,777,784,785,780,769,-3.96,-0.05,9.73,-0.02,0.03,-0.03
2024-12-25 19:30:19,778,782,781,779,768,-4.14,-0.11,9.51,0.00,0.00,-0.02
2024-12-25 19:30:19,781,781,777,777,768,-3.95,-0.12,9.51,0.09,-0.01,-0.05
2024-12-25 19:30:19,779,779,777,776,768,-3.83,0.23,9.73,0.08,-0.02,-0.10
2024-12-25 19:30:19,770,778,774,774,767,-3.66,0.48,9.71,0.07,0.01,-0.08
2024-12-25 19:30:19,766,778,773,770,765,-3.73,0.40,9.73,-0.11,0.16,0.00
2024-12-25 19:30:19,765,778,773,770,766,-4.05,0.39,9.53,-0.03,0.04,-0.02
2024-12-25 19:30:19,768,777,773,774,766,-3.84,0.23,9.69,-0.16,0.05,-0.04
2024-12-25 19:30:19,765,773,773,772,764,-4.07,-0.01,9.51,-0.09,0.06,-0.02
2024-12-25 19:30:19,767,773,772,771,766,-4.02,0.05,9.65,-0.09,0.03,-0.07
2024-12-25 19:30:19,768,773,775,773,766,-4.09,-0.12,9.57,-0.08,0.01,-0.05
2024-12-25 19:30:19,767,771,772,773,765,-4.02,-0.13,9.54,-0.08,0.09,-0.02
2024-12-25 19:30:19,768,775,775,773,766,-4.33,-0.15,9.47,-0.09,0.01,-0.14
2024-12-25 19:30:19,773,776,778,773,767,-4.14,-0.74,9.40,-0.07,-0.00,-0.18
2024-12-25 19:30:19,773,776,777,775,767,-4.13,-0.89,9.40,-0.13,0.09,-0.02
2024-12-25 19:30:19,775,780,778,775,767,-4.32,-0.72,9.47,-0.11,0.09,0.03
2024-12-25 19:30:19,773,779,777,776,768,-4.39,-0.80,9.35,-0.03,0.04,-0.01
2024-12-25 19:30:19,774,779,780,777,768,-4.35,-0.80,9.38,-0.05,0.03,-0.00
2024-12-25 19:30:19,775,779,778,776,767,-4.48,-0.83,9.30,-0.04,0.01,-0.02
2024-12-25 19:30:19,775,782,782,780,768,-4.33,-1.00,9.31,-0.28,0.07,-0.05
2024-12-25 19:30:19,776,786,783,783,771,-4.55,-1.21,9.16,0.01,0.04,-0.02
2024-12-25 19:30:19,776,782,784,781,767,-3.69,-1.32,9.17,-0.11,0.15,0.05
2024-12-25 19:30:19,775,785,781,782,767,-5.24,-1.07,8.97,-0.31,0.29,0.20
2024-12-25 19:30:19,776,783,782,779,768,-5.96,-1.30,8.21,0.07,-0.17,0.19
2024-12-25 19:30:19,776,779,779,777,767,-5.38,-0.81,8.84,0.23,0.13,0.09
2024-12-25 19:30:19,769,776,777,776,765,-5.62,-0.04,9.11,0.50,-0.47,-0.07
2024-12-25 19:30:19,767,782,779,779,764,-3.69,0.31,9.70,-1.44,-0.38,0.01
2024-12-25 19:30:19,777,786,790,787,766,-5.72,-3.36,9.87,-1.13,-0.12,-0.05
2024-12-25 19:30:19,777,785,782,783,769,-4.64,-1.50,10.40,1.19,-0.20,-0.46
2024-12-25 19:30:19,781,786,783,782,768,-4.29,-1.36,9.49,0.31,0.10,-0.18
2024-12-25 19:30:19,777,784,781,781,766,-3.40,-0.72,10.05,0.29,-0.21,-0.06
2024-12-25 19:30:19,777,786,781,780,769,-4.47,-0.64,9.40,-0.30,0.22,0.11
2024-12-25 19:30:19,780,785,782,778,767,-3.98,-1.01,9.13,0.23,-0.54,-0.17
2024-12-25 19:30:19,779,776,774,773,764,-3.43,-0.74,9.75,-0.02,0.09,0.04
2024-12-25 19:30:19,778,772,772,771,766,-3.51,-0.43,9.84,0.17,-0.07,-0.20
2024-12-25 19:30:19,775,771,772,770,767,-3.10,0.01,10.12,0.12,0.02,-0.04
2024-12-25 19:30:19,774,770,771,770,764,-3.27,-0.02,9.92,-0.19,-0.33,0.03
2024-12-25 19:30:19,775,770,773,771,764,-2.85,0.04,10.07,0.04,0.03,-0.09
2024-12-25 19:30:19,776,791,789,787,765,-3.04,1.18,10.94,-0.06,-0.03,0.00
2024-12-25 19:30:19,779,798,794,792,766,-2.95,0.09,10.05,-0.31,0.05,-0.00
2024-12-25 19:30:19,783,792,795,794,766,-2.81,0.07,10.17,-0.19,0.08,-0.20
2024-12-25 19:30:19,776,775,777,775,771,-3.07,1.18,10.37,0.14,0.01,0.09
2024-12-25 19:30:19,774,771,772,771,772,-3.06,0.89,10.10,-0.19,-0.01,-0.10
2024-12-25 19:30:19,777,789,790,789,767,-2.25,0.23,9.61,-0.12,-0.53,-0.03
2024-12-25 19:30:19,786,797,798,797,765,-2.92,-0.18,10.06,-0.11,0.10,-0.08
2024-12-25 19:30:19,781,770,774,771,765,-2.94,0.78,10.03,0.11,-0.01,-0.06
2024-12-25 19:30:19,775,767,771,770,763,-2.77,0.94,10.15,-0.24,-0.02,0.06
2024-12-25 19:30:19,786,801,791,790,764,-2.71,-1.67,9.41,-1.37,0.30,0.14
2024-12-25 19:30:19,783,786,781,777,766,-4.07,-0.63,10.70,1.36,0.23,-0.30
2024-12-25 19:30:19,780,781,778,776,768,-3.81,-0.69,9.98,-0.24,0.39,-0.01
2024-12-25 19:30:19,783,785,784,780,767,-3.58,-0.72,9.74,-0.05,0.14,0.03
2024-12-25 19:30:19,784,785,785,785,768,-3.77,-0.68,9.77,0.01,0.08,-0.00
2024-12-25 19:30:19,785,788,786,783,769,-3.99,-0.83,9.63,-0.13,0.12,0.01
2024-12-25 19:30:19,786,788,787,784,767,-4.28,-0.80,9.55,-0.09,0.11,0.00
2024-12-25 19:30:19,786,792,788,787,770,-4.31,-1.11,9.52,0.13,-0.18,-0.16
2024-12-25 19:30:19,792,786,781,778,769,-3.12,-0.87,9.83,-0.04,-0.11,-0.07
2024-12-25 19:30:19,787,777,773,769,768,-3.70,-0.57,9.63,0.41,0.16,0.17
2024-12-25 19:30:19,787,778,776,772,767,-3.38,0.00,9.85,0.12,-0.14,-0.15
2024-12-25 19:30:19,785,783,781,778,766,-3.65,-0.87,9.55,-0.35,0.32,0.10
2024-12-25 19:30:19,783,778,775,771,768,-3.78,-0.47,9.80,0.06,0.19,0.02
2024-12-25 19:30:19,783,777,776,774,768,-4.01,-0.59,9.66,-0.16,0.03,-0.07
2024-12-25 19:30:19,784,781,778,777,769,-4.00,-0.78,9.49,-0.13,0.13,-0.08
2024-12-25 19:30:19,784,780,780,777,770,-4.09,-0.79,9.66,-0.28,0.18,0.19
2024-12-25 19:30:19,785,778,778,776,768,-4.20,-0.82,9.48,0.12,-0.26,-0.05
2024-12-25 19:30:19,783,778,777,774,768,-4.08,-0.76,9.99,-0.10,-0.13,-0.05
2024-12-25 19:30:19,784,777,775,773,767,-3.75,-0.90,9.90,0.20,-0.04,0.10
2024-12-25 19:30:19,782,777,777,773,767,-3.44,0.12,9.64,0.12,0.02,-0.20
2024-12-25 19:30:19,783,776,774,772,767,-3.08,0.44,9.45,-0.26,0.15,0.01
2024-12-25 19:30:19,780,775,773,773,765,-4.39,-0.72,9.69,-0.18,0.06,0.02
2024-12-25 19:30:19,782,778,774,774,767,-3.92,-0.70,9.67,-0.11,-0.03,-0.02
2024-12-25 19:30:19,784,779,780,778,765,-3.88,-1.05,10.20,-1.42,-0.32,-0.22
2024-12-25 19:30:19,780,839,797,794,767,-2.83,-5.71,8.54,-2.87,0.13,-0.03
2024-12-25 19:30:19,792,873,814,810,766,-3.42,-7.92,5.08,-0.90,0.36,-0.07
2024-12-25 19:30:19,826,895,783,778,768,-3.47,-8.55,3.49,-0.80,0.15,-0.03
2024-12-25 19:30:20,826,895,776,776,768,-3.52,-8.61,2.87,-0.34,0.07,0.09
2024-12-25 19:30:20,822,892,776,774,767,-3.53,-8.81,2.49,-0.13,0.03,-0.00
2024-12-25 19:30:20,822,891,774,773,769,-3.56,-8.82,2.90,0.02,0.00,-0.04
2024-12-25 19:30:20,820,888,775,774,769,-3.68,-8.84,2.82,-0.07,-0.01,0.04
2024-12-25 19:30:20,818,888,776,772,769,-3.62,-8.81,2.70,-0.01,-0.01,-0.05
2024-12-25 19:30:21,818,886,777,775,769,-3.69,-8.84,3.28,-0.05,-0.03,-0.04
2024-12-25 19:30:21,816,884,777,774,769,-3.14,-8.68,3.13,-0.00,-0.21,0.04
2024-12-25 19:30:21,817,883,778,777,770,-4.28,-8.78,2.73,-0.01,-0.03,0.16
2024-12-25 19:30:21,819,885,779,775,768,-4.19,-8.38,3.72,-0.05,0.09,-0.03
2024-12-25 19:30:21,820,884,779,775,770,-3.72,-8.58,2.71,-0.13,0.06,-0.08
2024-12-25 19:30:22,818,884,779,775,770,-3.78,-8.67,2.75,-0.06,0.06,0.00
2024-12-25 19:30:22,816,883,775,772,767,-3.93,-8.82,2.79,-0.07,0.05,0.03
2024-12-25 19:30:22,813,883,773,771,769,-4.07,-8.86,2.90,-0.12,0.01,-0.06
2024-12-25 19:30:22,815,881,773,772,771,-3.90,-8.94,2.68,-0.17,0.07,-0.02
2024-12-25 19:30:22,813,878,773,772,769,-3.96,-8.52,2.60,-0.13,-0.10,-0.05
2024-12-25 19:30:22,814,881,775,771,770,-3.53,-9.17,1.85,-0.15,0.07,0.03
2024-12-25 19:30:23,814,882,776,772,771,-3.64,-8.59,1.54,0.08,0.17,-0.13
2024-12-25 19:30:23,813,878,773,773,767,-3.70,-8.98,2.90,-0.04,0.07,-0.01
2024-12-25 19:30:23,813,879,777,773,770,-3.61,-9.13,1.89,-0.14,0.03,-0.09
2024-12-25 19:30:23,815,881,782,780,771,-3.39,-9.10,1.80,-0.05,0.01,0.04
2024-12-25 19:30:23,816,881,800,795,772,-3.53,-9.05,1.87,-0.08,-0.00,0.01
2024-12-25 19:30:24,817,882,802,797,773,-3.53,-9.04,1.84,-0.06,0.01,-0.06
2024-12-25 19:30:24,816,881,792,788,773,-3.47,-8.96,1.75,-0.11,0.02,-0.08
2024-12-25 19:30:24,815,884,781,779,774,-3.34,-9.12,1.64,-0.05,0.02,-0.03
2024-12-25 19:30:24,815,884,777,777,771,-3.42,-9.04,1.61,-0.04,0.02,-0.01
2024-12-25 19:30:24,816,880,778,777,773,-3.36,-9.13,1.74,0.01,0.02,-0.02
2024-12-25 19:30:25,814,881,778,777,773,-3.44,-9.09,1.70,0.00,0.01,-0.03
2024-12-25 19:30:25,816,884,778,777,774,-3.42,-9.08,1.83,-0.05,0.02,-0.03
2024-12-25 19:30:25,814,882,781,776,772,-3.37,-9.16,1.81,0.00,0.03,-0.04
2024-12-25 19:30:25,815,883,780,779,772,-3.42,-9.16,1.80,-0.02,0.02,-0.01
2024-12-25 19:30:25,816,882,780,779,774,-3.40,-9.06,1.93,-0.01,0.03,-0.01
2024-12-25 19:30:25,815,881,781,778,773,-3.31,-9.14,1.98,-0.03,0.03,-0.02
2024-12-25 19:30:26,815,881,783,782,772,-3.32,-9.07,1.96,-0.04,-0.01,-0.04
2024-12-25 19:30:26,815,881,781,780,774,-3.28,-9.12,2.06,-0.04,0.03,-0.02
2024-12-25 19:30:26,816,882,782,780,773,-3.33,-9.11,1.95,-0.04,0.02,-0.02
2024-12-25 19:30:26,815,881,782,780,772,-3.50,-9.13,2.01,-0.07,0.05,-0.02
2024-12-25 19:30:26,813,881,782,780,772,-3.15,-9.04,1.89,-0.07,0.04,-0.05
2024-12-25 19:30:27,815,884,785,783,775,-3.45,-9.18,1.64,-0.02,0.01,0.05
2024-12-25 19:30:27,815,882,785,782,772,-3.24,-9.01,2.10,0.03,0.02,-0.00
2024-12-25 19:30:27,817,880,787,783,772,-3.65,-9.34,1.84,-0.07,0.03,0.03
2024-12-25 19:30:27,815,882,786,782,773,-3.71,-9.11,2.14,-0.15,0.11,-0.09
2024-12-25 19:30:27,815,878,785,782,773,-3.94,-8.62,1.22,-0.15,0.40,-0.23
2024-12-25 19:30:27,816,883,785,783,774,-3.18,-9.06,0.73,0.34,0.88,-0.21
2024-12-25 19:30:28,815,882,785,783,773,-2.57,-9.09,1.68,0.45,1.04,-0.18
2024-12-25 19:30:28,814,881,788,787,772,-2.26,-9.60,2.11,0.41,0.83,-0.17
2024-12-25 19:30:28,814,879,788,787,773,-1.89,-9.68,2.43,0.31,0.40,-0.06
2024-12-25 19:30:28,813,879,789,786,773,-2.05,-9.68,2.58,-0.00,0.09,-0.05
2024-12-25 19:30:28,813,879,789,787,773,-2.33,-9.49,2.31,-0.04,-0.01,-0.05
2024-12-25 19:30:29,817,880,790,787,774,-2.38,-9.46,2.42,-0.05,0.01,-0.01
2024-12-25 19:30:29,815,880,790,787,773,-2.28,-9.47,2.37,-0.09,-0.01,-0.01
2024-12-25 19:30:29,816,881,790,789,773,-1.97,-9.46,2.56,-0.12,-0.08,0.01
2024-12-25 19:30:29,814,881,793,790,774,-2.31,-9.31,2.07,-0.09,-0.08,-0.02
2024-12-25 19:30:29,813,880,792,789,773,-2.28,-9.45,2.30,-0.01,-0.04,-0.02
2024-12-25 19:30:30,814,880,793,791,774,-2.19,-9.44,2.36,-0.04,-0.01,-0.02
2024-12-25 19:30:30,813,878,795,791,773,-2.17,-9.38,2.39,-0.02,-0.01,-0.01
2024-12-25 19:30:30,815,880,796,791,773,-2.20,-9.52,2.46,-0.01,-0.01,-0.03
2024-12-25 19:30:30,812,880,794,790,773,-2.15,-9.45,2.48,-0.07,0.02,-0.02
2024-12-25 19:30:30,813,880,794,793,775,-2.24,-9.48,2.47,-0.04,0.03,0.02
2024-12-25 19:30:31,816,879,794,791,773,-2.13,-9.47,2.47,-0.05,0.02,-0.00
2024-12-25 19:30:31,813,879,793,792,773,-2.14,-9.41,2.49,-0.02,0.03,-0.02
2024-12-25 19:30:31,815,879,795,793,773,-2.09,-9.48,2.46,-0.05,0.03,-0.01
2024-12-25 19:30:31,813,878,792,791,773,-2.15,-9.46,2.40,-0.06,0.01,-0.02
2024-12-25 19:30:31,812,880,796,792,773,-2.12,-9.46,2.37,-0.04,0.02,-0.02
2024-12-25 19:30:31,812,879,795,791,775,-2.09,-9.44,2.38,-0.06,0.02,-0.01
2024-12-25 19:30:32,813,880,794,791,773,-2.17,-9.50,2.40,-0.05,0.02,-0.02
2024-12-25 19:30:32,814,880,795,793,774,-2.07,-9.42,2.36,-0.04,0.02,-0.02
2024-12-25 19:30:32,814,879,796,790,773,-2.09,-9.43,2.36,-0.04,0.02,-0.04
2024-12-25 19:30:32,813,879,795,792,774,-2.06,-9.51,2.38,-0.05,0.03,-0.02
2024-12-25 19:30:32,813,879,796,792,776,-2.07,-9.42,2.31,-0.03,0.02,-0.01
2024-12-25 19:30:33,812,878,795,791,774,-2.11,-9.51,2.37,-0.03,0.03,-0.03
2024-12-25 19:30:33,813,878,796,793,772,-2.04,-9.57,2.40,-0.08,0.02,-0.01
2024-12-25 19:30:33,813,878,794,792,773,-1.81,-9.71,2.54,-0.14,-0.12,0.00
2024-12-25 19:30:33,814,879,794,791,774,-1.29,-9.90,2.01,-0.33,-0.45,0.03
2024-12-25 19:30:33,814,878,795,793,774,-1.42,-9.64,1.86,-0.28,-0.72,0.05
2024-12-25 19:30:34,810,877,793,790,773,-1.77,-9.43,1.61,-0.22,-0.72,0.17
2024-12-25 19:30:34,814,878,795,794,774,-2.32,-9.22,2.32,0.09,-0.54,0.14
2024-12-25 19:30:34,813,879,795,792,773,-2.11,-9.62,2.57,-0.00,-0.52,-0.36
2024-12-25 19:30:34,812,879,796,792,773,-2.22,-9.68,2.56,-0.03,-0.07,0.01
2024-12-25 19:30:34,811,880,796,797,773,-1.20,-9.19,2.59,0.00,-0.09,-0.07
2024-12-25 19:30:34,811,878,796,795,773,-1.28,-9.38,2.96,-0.08,-0.00,-0.08
2024-12-25 19:30:35,814,877,797,794,774,-1.17,-9.70,2.66,0.01,-0.01,-0.08
2024-12-25 19:30:35,811,879,795,793,775,-1.23,-9.59,2.71,-0.08,0.04,0.01
2024-12-25 19:30:35,813,879,796,794,774,-0.99,-9.52,2.77,-0.05,0.00,-0.06
2024-12-25 19:30:35,811,878,796,795,775,-1.05,-9.50,2.65,-0.01,0.04,-0.02
2024-12-25 19:30:35,811,878,796,794,773,-1.00,-9.43,2.89,-0.01,0.05,-0.03
2024-12-25 19:30:36,813,877,795,794,774,-0.90,-9.68,2.86,-0.03,0.02,-0.09
2024-12-25 19:30:36,812,878,797,793,773,-0.89,-9.58,2.97,-0.02,-0.01,0.08
2024-12-25 19:30:36,812,878,797,794,774,-0.93,-9.64,2.94,-0.05,0.02,-0.00
2024-12-25 19:30:36,813,878,797,794,774,-1.00,-9.58,2.88,-0.03,0.03,-0.01
2024-12-25 19:30:36,813,877,794,795,774,-0.89,-9.67,3.00,-0.01,0.02,-0.05
2024-12-25 19:30:37,813,880,796,795,774,-0.81,-9.52,2.97,-0.04,0.02,-0.02
2024-12-25 19:30:37,813,877,798,795,773,-0.85,-9.62,2.99,-0.00,0.02,-0.03
2024-12-25 19:30:37,813,877,797,792,774,-0.59,-9.46,3.07,0.00,-0.02,0.00
2024-12-25 19:30:37,812,877,796,794,774,-0.93,-9.61,3.32,-0.01,-0.02,-0.00
2024-12-25 19:30:37,811,876,796,793,774,-0.85,-9.54,3.06,-0.03,0.02,0.01
2024-12-25 19:30:37,811,876,796,794,774,-0.78,-9.58,3.33,-0.03,0.02,-0.03
2024-12-25 19:30:38,812,877,798,795,774,-0.86,-9.65,3.29,-0.04,0.05,-0.05
2024-12-25 19:30:38,811,879,796,792,773,-0.85,-9.62,3.13,-0.07,0.05,-0.06
2024-12-25 19:30:38,811,879,795,792,774,-0.73,-9.51,3.29,-0.08,0.03,0.01
2024-12-25 19:30:38,813,878,796,792,775,-0.82,-9.52,3.05,-0.05,0.03,-0.02
2024-12-25 19:30:38,812,877,793,793,774,-0.85,-9.57,3.05,-0.03,0.03,0.01
2024-12-25 19:30:39,811,878,796,792,774,-0.84,-9.58,3.17,-0.03,0.02,-0.01
2024-12-25 19:30:39,811,879,795,792,774,-0.77,-9.50,3.05,-0.02,0.01,-0.03
2024-12-25 19:30:39,813,878,794,794,774,-0.96,-9.57,3.41,-0.02,0.02,0.02
2024-12-25 19:30:39,812,878,795,792,774,-0.72,-9.57,3.14,-0.07,0.09,-0.01
2024-12-25 19:30:39,813,875,794,795,773,-1.05,-9.48,3.14,-0.07,0.00,0.04
2024-12-25 19:30:40,810,875,793,792,772,-0.85,-9.66,3.21,0.02,0.05,-0.01
2024-12-25 19:30:40,811,877,796,792,775,-1.01,-9.39,3.14,-0.03,0.01,0.01
2024-12-25 19:30:40,813,877,798,793,773,-1.02,-9.48,3.13,-0.02,0.05,-0.02
2024-12-25 19:30:40,811,877,794,793,773,-1.02,-9.49,3.45,-0.06,0.01,-0.04
2024-12-25 19:30:40,813,875,794,794,774,-1.05,-9.45,3.28,-0.05,0.04,-0.02
2024-12-25 19:30:40,812,877,794,793,774,-0.95,-9.40,3.19,-0.04,0.01,-0.02
2024-12-25 19:30:41,811,879,794,794,774,-0.92,-9.53,3.23,-0.02,0.02,-0.03
2024-12-25 19:30:41,814,878,796,795,775,-0.57,-9.81,3.61,-0.01,-0.03,-0.19
2024-12-25 19:30:41,810,877,797,794,774,-0.68,-9.32,2.84,-0.04,-0.03,0.11
2024-12-25 19:30:41,812,878,796,794,774,-1.02,-9.56,3.57,0.00,0.04,0.08
2024-12-25 19:30:41,814,877,797,794,774,-0.69,-9.66,3.29,-0.09,0.11,-0.05
2024-12-25 19:30:42,811,878,794,791,773,-0.79,-9.53,3.42,-0.06,0.04,0.01
2024-12-25 19:30:42,813,877,795,793,773,-0.75,-9.43,3.31,-0.04,0.01,-0.01
2024-12-25 19:30:42,814,878,792,789,774,-0.79,-9.56,3.43,-0.04,0.03,0.05
2024-12-25 19:30:42,810,875,783,782,773,-0.79,-9.51,3.17,-0.07,-0.05,0.11
2024-12-25 19:30:42,810,876,779,775,774,-0.94,-9.61,3.08,-0.07,0.05,-0.01
2024-12-25 19:30:42,812,875,777,775,773,-0.91,-9.50,3.25,-0.03,0.02,-0.02
2024-12-25 19:30:43,812,876,778,776,774,-0.94,-9.52,3.18,-0.05,0.03,-0.01
2024-12-25 19:30:43,812,879,778,778,773,-0.94,-9.52,3.19,-0.03,0.04,-0.01
2024-12-25 19:30:43,810,875,777,776,774,-1.00,-9.57,3.17,-0.04,0.02,-0.01
2024-12-25 19:30:43,811,876,778,777,774,-0.98,-9.51,3.22,-0.05,0.03,0.00
2024-12-25 19:30:43,812,874,777,776,771,-0.91,-9.52,3.25,-0.02,0.01,-0.01
2024-12-25 19:30:44,811,875,779,775,773,-1.03,-9.66,3.29,-0.05,0.03,-0.02
2024-12-25 19:30:44,809,876,781,778,773,-0.91,-9.49,3.26,-0.04,0.03,-0.02
2024-12-25 19:30:44,812,875,780,777,774,-0.93,-9.45,3.39,-0.01,0.01,-0.01
2024-12-25 19:30:44,810,875,779,780,775,-1.02,-9.53,3.31,-0.03,0.03,-0.03
2024-12-25 19:30:44,812,876,780,781,774,-0.97,-9.54,3.34,-0.02,0.02,-0.03
2024-12-25 19:30:45,810,874,779,778,773,-0.89,-9.47,3.34,-0.03,0.04,-0.02
2024-12-25 19:30:45,811,875,782,778,774,-0.84,-9.58,3.36,-0.02,0.01,-0.01
2024-12-25 19:30:45,811,874,782,780,772,-0.85,-9.47,3.35,-0.00,0.02,0.00
2024-12-25 19:30:45,812,875,781,781,773,-1.06,-9.42,3.62,0.01,0.06,-0.01
2024-12-25 19:30:45,812,875,784,780,773,-0.95,-9.33,3.47,-0.04,-0.02,-0.01
2024-12-25 19:30:45,811,876,782,781,774,-0.85,-9.39,3.49,-0.04,0.03,-0.12
2024-12-25 19:30:46,813,874,784,783,773,-0.73,-9.54,3.45,-0.04,0.02,-0.02
2024-12-25 19:30:46,809,877,786,782,773,-0.83,-9.48,3.52,-0.03,0.01,-0.03
2024-12-25 19:30:46,812,876,783,781,773,-0.68,-9.39,3.53,-0.04,0.04,-0.07
2024-12-25 19:30:46,810,876,786,783,774,-0.57,-9.51,3.87,0.01,0.04,0.00
2024-12-25 19:30:46,811,876,785,784,773,-0.93,-9.41,3.63,-0.17,-0.03,-0.03
2024-12-25 19:30:47,809,875,785,785,773,-0.57,-9.55,3.38,-0.03,0.08,-0.04
2024-12-25 19:30:47,812,878,786,783,774,-0.57,-9.51,3.37,-0.08,-0.03,-0.01
2024-12-25 19:30:47,811,876,785,782,773,-0.76,-9.53,3.44,0.01,0.04,0.01
2024-12-25 19:30:47,813,877,784,783,773,-0.41,-9.62,3.55,0.03,0.03,-0.01
2024-12-25 19:30:47,812,876,786,784,774,-0.54,-9.55,3.43,-0.02,0.05,0.00
2024-12-25 19:30:48,809,874,785,781,773,-0.43,-9.63,3.44,0.00,0.03,-0.00
2024-12-25 19:30:48,811,874,784,781,773,-0.82,-9.50,3.47,-0.07,0.01,0.03
2024-12-25 19:30:48,810,876,785,782,774,-0.51,-9.50,3.55,-0.01,0.01,-0.06
2024-12-25 19:30:48,810,875,785,783,773,-0.66,-9.49,3.65,-0.02,0.01,0.01
2024-12-25 19:30:48,810,874,785,785,774,-0.51,-9.46,3.61,-0.02,0.04,-0.02
2024-12-25 19:30:48,812,874,786,785,774,-0.50,-9.45,3.60,-0.02,0.01,0.02
2024-12-25 19:30:49,813,876,787,783,774,-0.67,-9.38,3.73,-0.03,0.01,0.00
2024-12-25 19:30:49,812,873,784,783,774,-0.59,-9.42,3.72,-0.01,0.02,-0.02
2024-12-25 19:30:49,814,875,786,784,774,-0.65,-9.47,3.58,-0.07,0.04,-0.02
2024-12-25 19:30:49,811,874,786,782,774,-0.61,-9.45,3.80,-0.03,0.01,-0.02
2024-12-25 19:30:49,811,877,786,785,771,-0.59,-9.49,3.69,-0.01,0.02,-0.03
2024-12-25 19:30:50,811,873,785,783,773,-0.53,-9.51,3.67,-0.02,0.02,-0.04
2024-12-25 19:30:50,808,876,784,784,773,-0.56,-9.38,3.83,-0.03,0.02,0.02
2024-12-25 19:30:50,811,875,786,783,773,-0.54,-9.46,3.71,-0.00,0.03,0.01
2024-12-25 19:30:50,812,877,787,782,773,-0.53,-9.30,3.80,-0.01,0.02,-0.00
2024-12-25 19:30:50,810,873,785,782,773,-0.76,-9.46,3.80,-0.03,0.02,-0.00
2024-12-25 19:30:51,810,876,786,784,774,-0.75,-9.42,3.89,-0.04,0.02,-0.01
2024-12-25 19:30:51,810,874,785,783,773,-0.56,-9.29,3.65,-0.08,0.04,-0.02
2024-12-25 19:30:51,811,874,784,784,772,-0.85,-9.59,3.84,0.01,0.01,0.01
2024-12-25 19:30:51,811,874,786,784,773,-0.68,-9.38,3.68,-0.02,0.03,-0.02
2024-12-25 19:30:51,811,876,785,784,774,-0.49,-9.35,3.69,-0.02,0.00,0.01
2024-12-25 19:30:51,811,872,782,778,774,-0.74,-9.46,3.67,-0.07,0.03,0.00
2024-12-25 19:30:52,812,873,782,781,774,-0.75,-9.54,3.64,-0.05,0.02,-0.03
2024-12-25 19:30:52,811,875,784,781,773,-0.60,-9.47,3.72,-0.03,0.02,-0.00
2024-12-25 19:30:52,812,875,782,780,774,-0.77,-9.40,3.85,-0.02,0.03,-0.01
2024-12-25 19:30:52,813,875,783,781,774,-0.66,-9.38,3.79,-0.03,0.01,-0.01
2024-12-25 19:30:52,811,875,782,783,773,-0.70,-9.37,3.79,-0.05,0.03,-0.03
2024-12-25 19:30:53,812,874,781,780,774,-0.71,-9.37,3.80,-0.05,0.01,-0.02
2024-12-25 19:30:53,810,873,782,782,774,-0.70,-9.43,3.87,-0.02,0.02,-0.00
2024-12-25 19:30:53,812,873,784,781,774,-0.72,-9.41,3.81,-0.04,0.02,-0.01
2024-12-25 19:30:53,811,875,784,782,774,-0.65,-9.34,3.87,-0.04,0.03,-0.02
2024-12-25 19:30:53,810,874,783,782,774,-0.70,-9.37,3.85,-0.02,0.03,-0.00
2024-12-25 19:30:54,812,873,783,782,774,-0.72,-9.37,3.75,-0.02,0.02,-0.01
2024-12-25 19:30:54,810,874,783,783,773,-0.74,-9.33,3.94,-0.04,0.02,-0.02
2024-12-25 19:30:54,811,875,783,781,773,-0.69,-9.40,3.86,-0.04,0.03,-0.02
2024-12-25 19:30:54,810,874,783,780,772,-0.66,-9.33,3.88,-0.04,0.03,-0.01
2024-12-25 19:30:54,812,874,783,781,772,-0.67,-9.38,3.89,-0.03,0.02,-0.03
2024-12-25 19:30:54,812,873,784,782,774,-0.61,-9.39,3.79,-0.06,0.03,-0.00
2024-12-25 19:30:55,810,876,784,782,774,-0.68,-9.37,3.86,-0.06,0.06,-0.02
2024-12-25 19:30:55,810,872,783,782,773,-0.62,-9.48,3.59,-0.05,0.01,-0.04
2024-12-25 19:30:55,811,875,784,780,775,-0.77,-9.45,3.89,-0.01,0.01,0.05
2024-12-25 19:30:55,812,875,784,782,773,-0.96,-9.41,3.79,-0.04,0.03,-0.06
2024-12-25 19:30:55,809,874,783,783,772,-0.51,-9.36,3.94,-0.01,0.01,-0.01
2024-12-25 19:30:56,811,875,783,783,774,-0.73,-9.36,3.81,-0.03,0.02,0.01
2024-12-25 19:30:56,811,875,782,780,773,-0.65,-9.33,3.84,-0.04,0.02,-0.02
2024-12-25 19:30:56,810,873,783,780,772,-0.69,-9.41,3.95,-0.04,0.02,-0.00
2024-12-25 19:30:56,811,873,783,781,775,-0.68,-9.39,3.80,-0.02,0.01,-0.01
2024-12-25 19:30:56,810,875,783,781,773,-0.67,-9.39,3.86,-0.05,0.03,-0.01
2024-12-25 19:30:57,812,876,783,783,773,-0.69,-9.30,3.83,-0.04,0.04,0.03
2024-12-25 19:30:57,811,874,784,782,775,-0.90,-9.50,3.86,0.01,0.03,-0.04
2024-12-25 19:30:57,811,875,782,781,774,-0.57,-9.35,3.64,0.00,0.03,-0.05
2024-12-25 19:30:57,812,872,783,782,774,-0.71,-9.36,3.90,-0.05,0.01,0.01
2024-12-25 19:30:57,812,875,784,783,773,-0.70,-9.37,3.98,-0.03,0.03,-0.02
2024-12-25 19:30:57,809,874,782,782,772,-0.68,-9.42,3.84,-0.03,0.01,-0.03
2024-12-25 19:30:58,812,874,782,781,774,-0.68,-9.40,4.05,-0.03,0.03,0.00
2024-12-25 19:30:58,811,874,786,783,774,-0.69,-9.32,3.87,-0.03,0.02,-0.02
2024-12-25 19:30:58,810,874,784,782,774,-0.66,-9.39,3.84,-0.06,0.05,-0.02
2024-12-25 19:30:58,811,875,784,782,773,-0.70,-9.39,3.90,-0.02,0.03,0.01
2024-12-25 19:30:58,812,874,783,784,773,-0.69,-9.34,3.91,-0.04,0.03,-0.02
2024-12-25 19:30:59,810,874,782,780,773,-0.56,-9.30,3.87,-0.04,0.01,-0.00
2024-12-25 19:30:59,812,874,785,782,773,-0.68,-9.42,3.90,-0.04,0.01,-0.01
2024-12-25 19:30:59,810,872,784,782,773,-0.74,-9.31,3.98,-0.04,0.02,0.02
2024-12-25 19:30:59,813,874,783,781,773,-0.78,-9.25,3.96,-0.02,0.02,0.04
2024-12-25 19:30:59,812,875,784,781,773,-0.77,-9.25,4.02,-0.01,-0.00,0.00
2024-12-25 19:31:00,810,874,784,782,772,-0.94,-9.33,4.09,-0.05,0.02,-0.03
2024-12-25 19:31:00,811,874,783,783,773,-0.75,-9.24,3.97,-0.08,0.02,-0.06
2024-12-25 19:31:00,811,877,784,783,775,-0.69,-9.37,4.02,-0.04,0.03,0.00
2024-12-25 19:31:00,811,874,785,782,772,-0.97,-9.31,3.99,-0.03,0.03,-0.01
2024-12-25 19:31:00,813,874,784,783,774,-0.73,-9.25,4.46,-0.04,0.05,-0.02
2024-12-25 19:31:00,810,876,785,783,776,-0.86,-9.17,4.03,-0.05,0.03,-0.01
2024-12-25 19:31:01,812,875,783,782,773,-0.79,-9.41,4.16,-0.06,0.03,-0.03
2024-12-25 19:31:01,813,874,784,782,774,-0.75,-9.32,3.91,-0.03,0.02,-0.02
2024-12-25 19:31:01,811,874,786,783,773,-0.77,-9.37,3.94,-0.05,0.03,-0.01
2024-12-25 19:31:01,813,874,784,783,773,-0.73,-9.34,3.94,-0.08,0.02,-0.02
2024-12-25 19:31:01,813,874,786,783,774,-0.85,-9.37,3.83,-0.03,0.03,-0.02
2024-12-25 19:31:02,813,874,785,783,774,-0.76,-9.32,3.87,-0.03,0.03,-0.02
2024-12-25 19:31:02,812,873,784,783,774,-0.74,-9.32,4.01,-0.03,0.03,-0.02
2024-12-25 19:31:02,810,874,784,782,773,-0.84,-9.34,3.98,-0.04,0.02,-0.02
2024-12-25 19:31:02,813,872,786,782,773,-0.74,-9.37,3.97,-0.04,0.03,-0.01
2024-12-25 19:31:02,811,874,786,782,774,-0.76,-9.33,3.95,-0.05,0.04,-0.03
2024-12-25 19:31:03,810,873,783,782,773,-0.61,-9.34,3.87,-0.03,0.01,-0.02
2024-12-25 19:31:03,812,873,785,783,772,-0.63,-9.32,4.36,-0.02,0.02,-0.02
2024-12-25 19:31:03,813,873,785,783,774,-0.91,-9.51,3.97,-0.05,0.03,-0.02
2024-12-25 19:31:03,812,874,784,782,773,-0.35,-9.18,3.86,-0.04,0.03,-0.02
2024-12-25 19:31:03,812,874,785,783,774,-0.78,-9.39,3.96,-0.06,0.01,-0.02
2024-12-25 19:31:03,810,872,784,783,771,-0.50,-9.30,3.91,0.03,0.06,-0.01
2024-12-25 19:31:04,810,874,785,783,773,-0.58,-9.33,3.90,-0.04,0.02,-0.07
2024-12-25 19:31:04,810,874,784,783,773,-0.37,-9.40,3.82,-0.02,0.03,-0.01
2024-12-25 19:31:04,812,872,784,784,774,-0.51,-9.38,3.88,-0.05,0.03,-0.01
2024-12-25 19:31:04,813,875,786,785,774,-0.58,-9.41,3.87,-0.06,0.02,-0.02
2024-12-25 19:31:04,813,873,785,783,774,-0.52,-9.56,3.88,-0.01,0.04,-0.01
2024-12-25 19:31:05,813,872,785,784,773,-0.45,-9.35,3.77,-0.01,0.04,-0.01
2024-12-25 19:31:05,811,874,784,782,774,-0.61,-9.46,4.09,-0.10,-0.00,0.02
2024-12-25 19:31:05,810,875,787,782,772,-0.65,-9.21,3.88,-0.00,0.03,-0.06
2024-12-25 19:31:05,811,872,783,783,773,-0.48,-9.45,4.07,-0.04,0.01,-0.03
2024-12-25 19:31:05,812,872,785,785,774,-0.40,-9.50,4.15,-0.02,-0.04,0.00
2024-12-25 19:31:06,811,875,784,783,774,-0.66,-9.19,3.89,-0.03,-0.01,0.01
2024-12-25 19:31:06,812,873,785,784,773,-0.55,-9.35,3.97,0.00,0.03,0.02
2024-12-25 19:31:06,812,872,784,783,772,-0.62,-9.26,4.06,-0.00,0.00,0.03
2024-12-25 19:31:06,812,876,785,783,772,-0.76,-9.30,3.96,-0.04,0.01,-0.01
2024-12-25 19:31:06,813,873,785,783,773,-0.68,-9.32,4.01,-0.05,0.03,-0.04
2024-12-25 19:31:06,810,872,787,783,773,-0.65,-9.41,4.12,-0.02,0.03,-0.00
2024-12-25 19:31:07,812,873,786,785,773,-0.68,-9.31,3.81,-0.04,0.02,-0.01
2024-12-25 19:31:07,814,872,785,785,773,-0.65,-9.35,4.13,-0.05,0.03,-0.01
2024-12-25 19:31:07,812,874,789,785,775,-0.69,-9.34,4.06,0.01,0.03,-0.01
2024-12-25 19:31:07,811,875,787,785,774,-0.72,-9.30,3.94,-0.05,0.03,-0.03
2024-12-25 19:31:07,812,874,786,785,773,-0.58,-9.32,4.07,-0.05,0.01,-0.02
2024-12-25 19:31:08,812,873,787,787,774,-0.68,-9.36,4.07,-0.05,0.04,-0.04
2024-12-25 19:31:08,814,873,787,785,773,-0.64,-9.28,4.04,-0.04,0.03,-0.01
2024-12-25 19:31:08,812,873,785,785,773,-0.67,-9.32,4.08,-0.04,0.01,-0.02
2024-12-25 19:31:08,813,873,787,785,774,-0.63,-9.41,4.02,-0.04,0.04,-0.03
2024-12-25 19:31:08,810,875,787,784,773,-0.71,-9.33,4.02,-0.03,0.03,-0.01
2024-12-25 19:31:09,813,873,787,784,773,-0.54,-9.28,4.01,-0.05,0.03,-0.02
2024-12-25 19:31:09,815,872,789,786,774,-0.55,-9.32,4.19,-0.06,0.03,-0.03
2024-12-25 19:31:09,813,872,785,788,773,-0.63,-9.32,3.99,-0.06,0.03,0.00
2024-12-25 19:31:09,812,874,788,785,774,-0.67,-9.27,4.09,-0.04,0.03,-0.01
2024-12-25 19:31:09,813,871,788,784,773,-0.65,-9.26,3.98,-0.03,0.03,-0.02
2024-12-25 19:31:09,810,873,787,784,772,-0.58,-9.34,3.98,-0.05,0.02,-0.01
2024-12-25 19:31:10,813,872,788,785,772,-0.61,-9.36,4.02,-0.03,0.02,-0.02
2024-12-25 19:31:10,812,873,786,785,773,-0.58,-9.31,3.94,-0.03,0.02,-0.01
2024-12-25 19:31:10,813,873,786,786,773,-0.55,-9.33,3.95,-0.05,0.02,-0.01
2024-12-25 19:31:10,813,873,786,786,775,-0.60,-9.32,4.10,-0.01,0.03,-0.01
2024-12-25 19:31:10,813,872,787,783,773,-0.68,-9.27,4.06,-0.02,0.02,-0.01
2024-12-25 19:31:11,814,873,789,785,774,-0.67,-9.35,4.04,-0.04,0.02,-0.01
2024-12-25 19:31:11,811,872,788,784,772,-0.59,-9.28,4.06,-0.03,0.02,-0.01
2024-12-25 19:31:11,812,872,787,785,773,-0.62,-9.33,4.06,-0.03,0.02,-0.01
2024-12-25 19:31:11,811,875,788,783,774,-0.57,-9.30,4.04,-0.05,0.03,-0.03
2024-12-25 19:31:11,813,872,787,786,774,-0.68,-9.30,4.04,-0.04,0.02,-0.02
2024-12-25 19:31:12,812,871,789,787,775,-0.62,-9.31,4.03,-0.05,0.03,-0.01
2024-12-25 19:31:12,812,871,787,784,773,-0.66,-9.31,4.09,-0.04,0.02,-0.02
2024-12-25 19:31:12,811,873,788,785,772,-0.50,-9.33,4.03,-0.04,0.02,-0.02
2024-12-25 19:31:12,811,871,787,787,773,-0.63,-9.36,4.11,-0.05,0.04,-0.02
2024-12-25 19:31:12,809,873,787,784,774,-0.57,-9.34,4.08,-0.04,0.03,-0.01
2024-12-25 19:31:12,812,873,788,785,774,-0.57,-9.33,4.05,-0.01,-0.00,-0.02
2024-12-25 19:31:13,808,873,785,784,772,-0.54,-9.31,4.08,-0.04,0.01,-0.01
2024-12-25 19:31:13,811,873,787,785,773,-0.51,-9.28,4.11,-0.04,0.02,-0.00
2024-12-25 19:31:13,812,872,787,784,772,-0.58,-9.27,4.17,-0.04,0.03,0.00
2024-12-25 19:31:13,812,872,786,785,773,-0.60,-9.35,4.11,-0.07,0.05,0.01
2024-12-25 19:31:13,812,872,787,785,773,-0.62,-9.30,4.09,-0.05,0.04,-0.02
2024-12-25 19:31:14,811,873,787,784,772,-0.61,-9.31,4.00,-0.07,0.05,0.00
2024-12-25 19:31:14,811,874,787,787,774,-0.71,-9.32,4.06,-0.04,0.07,0.01
2024-12-25 19:31:14,813,872,786,788,773,-0.81,-9.39,3.80,-0.12,0.08,0.02
2024-12-25 19:31:14,811,873,786,783,774,-0.87,-9.50,3.88,-0.19,0.08,0.03
2024-12-25 19:31:14,812,873,784,782,773,-0.89,-9.31,3.27,-0.21,0.01,0.04
2024-12-25 19:31:15,811,871,784,783,774,-1.00,-9.47,3.23,-0.07,0.05,0.01
2024-12-25 19:31:15,814,874,786,785,776,-0.94,-9.41,3.21,-0.03,0.07,-0.01
2024-12-25 19:31:15,811,872,782,782,775,-1.31,-9.43,3.24,-0.04,0.01,0.03
2024-12-25 19:31:15,812,872,783,781,775,-0.98,-9.46,3.27,0.01,0.02,-0.01
2024-12-25 19:31:15,813,875,783,783,776,-1.14,-9.53,3.32,-0.04,0.03,-0.01
2024-12-25 19:31:15,812,873,781,781,777,-1.09,-9.50,3.32,-0.01,0.03,-0.00
2024-12-25 19:31:16,813,871,782,780,776,-1.13,-9.50,3.24,-0.02,0.00,-0.00
2024-12-25 19:31:16,811,875,781,780,776,-1.13,-9.50,3.31,-0.03,0.03,-0.02
2024-12-25 19:31:16,811,874,781,780,775,-1.17,-9.55,3.36,-0.03,0.03,-0.03
2024-12-25 19:31:16,814,873,782,783,777,-1.01,-9.41,3.26,-0.04,0.04,-0.02
2024-12-25 19:31:16,810,872,781,781,776,-1.12,-9.45,3.21,-0.04,0.01,-0.02
2024-12-25 19:31:17,812,872,782,782,778,-1.00,-9.45,3.39,-0.05,0.02,-0.02
2024-12-25 19:31:17,812,874,783,783,777,-0.98,-9.42,3.19,-0.05,0.01,-0.04
2024-12-25 19:31:17,811,871,782,781,775,-0.99,-9.52,3.36,-0.04,0.03,-0.01
2024-12-25 19:31:17,813,872,784,782,776,-1.06,-9.47,3.30,-0.05,0.03,-0.01
2024-12-25 19:31:17,812,872,782,782,775,-0.94,-9.52,3.32,-0.01,0.00,-0.03
2024-12-25 19:31:18,812,872,784,781,776,-0.91,-9.43,3.40,-0.04,0.02,-0.01
2024-12-25 19:31:18,812,872,782,782,776,-0.95,-9.50,3.27,-0.03,0.02,-0.00
2024-12-25 19:31:18,811,872,781,781,775,-1.02,-9.53,3.47,-0.01,0.01,0.05
2024-12-25 19:31:18,813,871,783,782,776,-1.17,-9.53,3.42,-0.02,0.01,-0.01
2024-12-25 19:31:18,810,873,782,782,775,-1.02,-9.42,3.36,-0.04,0.03,-0.02
2024-12-25 19:31:18,812,871,783,781,777,-1.00,-9.43,3.39,-0.03,0.01,0.02
2024-12-25 19:31:19,811,873,785,781,777,-1.16,-9.47,3.42,-0.02,0.03,-0.03
2024-12-25 19:31:19,811,872,782,780,775,-1.13,-9.48,3.39,-0.03,0.03,-0.01
2024-12-25 19:31:19,810,874,783,785,776,-1.04,-9.52,3.38,-0.04,0.02,-0.03
2024-12-25 19:31:19,810,871,784,782,776,-1.07,-9.46,3.50,-0.03,0.03,-0.01
2024-12-25 19:31:19,813,872,783,781,775,-1.04,-9.45,3.50,-0.03,0.03,-0.02
2024-12-25 19:31:20,813,872,786,786,776,-0.99,-9.36,3.45,-0.05,0.03,-0.01
2024-12-25 19:31:20,812,870,782,782,774,-1.02,-9.62,3.43,-0.10,0.03,-0.02
2024-12-25 19:31:20,810,873,785,782,776,-1.02,-9.50,3.38,-0.03,0.05,-0.02
2024-12-25 19:31:20,811,872,784,784,775,-1.07,-9.50,3.39,-0.04,0.04,-0.02
2024-12-25 19:31:20,811,872,784,782,776,-1.01,-9.45,3.47,-0.03,0.02,-0.02
2024-12-25 19:31:21,812,874,784,784,776,-0.98,-9.46,3.39,-0.03,0.03,-0.01
2024-12-25 19:31:21,811,874,784,784,775,-1.01,-9.45,3.40,-0.02,0.01,-0.02
2024-12-25 19:31:21,811,872,785,784,775,-0.98,-9.44,3.48,-0.03,0.03,-0.02
2024-12-25 19:31:21,811,873,784,782,775,-0.88,-9.41,3.51,-0.01,0.00,-0.04
2024-12-25 19:31:21,811,874,783,783,774,-0.91,-9.42,3.56,-0.03,0.01,-0.01
2024-12-25 19:31:21,811,873,784,784,777,-0.95,-9.46,3.62,-0.02,0.03,-0.01
2024-12-25 19:31:22,809,871,785,782,775,-0.97,-9.46,3.62,-0.03,0.03,-0.03
2024-12-25 19:31:22,813,872,785,782,776,-1.01,-9.48,3.68,-0.03,-0.01,-0.01
2024-12-25 19:31:22,810,872,784,782,776,-0.88,-9.45,3.59,-0.02,0.02,-0.04
2024-12-25 19:31:22,811,873,785,781,775,-0.86,-9.36,3.62,-0.03,0.03,-0.03
2024-12-25 19:31:22,810,874,785,784,776,-0.84,-9.43,3.66,-0.04,0.01,-0.03
2024-12-25 19:31:23,809,873,785,783,776,-0.84,-9.46,3.71,-0.04,0.04,-0.02
2024-12-25 19:31:23,812,873,785,783,778,-0.80,-9.38,3.63,-0.04,0.02,-0.01
2024-12-25 19:31:23,811,871,784,783,776,-0.76,-9.33,3.79,0.01,0.00,-0.05
2024-12-25 19:31:23,811,873,784,783,775,-0.78,-9.44,3.64,-0.07,0.03,-0.01
2024-12-25 19:31:23,811,873,785,783,775,-0.67,-9.39,3.77,-0.05,0.01,0.00
2024-12-25 19:31:24,813,870,784,782,774,-0.71,-9.39,3.66,-0.03,0.03,-0.03
2024-12-25 19:31:24,813,873,784,783,776,-0.72,-9.41,3.75,-0.04,0.03,-0.01
2024-12-25 19:31:24,813,872,785,783,777,-0.75,-9.44,3.73,-0.03,0.01,-0.02
2024-12-25 19:31:24,811,872,786,785,774,-0.79,-9.46,3.81,-0.04,0.03,-0.00
2024-12-25 19:31:24,813,873,784,783,777,-0.69,-9.28,3.80,-0.02,0.02,-0.01
2024-12-25 19:31:24,811,872,784,780,775,-0.81,-9.39,3.81,-0.03,0.03,0.01
2024-12-25 19:31:25,814,873,785,784,777,-0.84,-9.42,3.79,-0.02,0.02,0.00
2024-12-25 19:31:25,810,871,785,784,777,-0.79,-9.40,3.81,-0.03,0.03,-0.02
2024-12-25 19:31:25,811,872,782,780,775,-0.82,-9.39,3.79,-0.04,0.03,-0.03
2024-12-25 19:31:25,812,872,785,782,776,-0.75,-9.33,3.85,-0.04,0.03,-0.02
2024-12-25 19:31:25,812,872,784,783,774,-0.83,-9.39,3.80,-0.04,0.03,-0.02
2024-12-25 19:31:26,809,872,783,783,775,-0.78,-9.35,3.76,-0.04,0.03,-0.01
2024-12-25 19:31:26,813,873,786,784,775,-0.70,-9.39,3.81,-0.03,0.01,-0.01
2024-12-25 19:31:26,811,872,785,783,774,-0.84,-9.39,3.81,-0.03,0.03,-0.01
2024-12-25 19:31:26,811,872,784,784,775,-0.72,-9.41,3.77,-0.03,0.01,-0.01
2024-12-25 19:31:26,810,873,784,782,775,-0.73,-9.39,3.80,-0.04,0.03,-0.02
2024-12-25 19:31:27,812,870,785,783,775,-0.76,-9.41,3.82,-0.04,0.03,-0.01
2024-12-25 19:31:27,810,873,785,784,775,-0.79,-9.37,3.85,-0.05,0.02,-0.03
2024-12-25 19:31:27,812,872,784,781,775,-0.73,-9.43,3.79,-0.04,0.03,-0.02
2024-12-25 19:31:27,813,870,785,783,775,-0.75,-9.36,3.83,-0.05,0.03,-0.00
2024-12-25 19:31:27,813,871,786,782,776,-0.69,-9.40,3.83,-0.05,0.02,-0.01
2024-12-25 19:31:27,813,872,785,785,776,-0.83,-9.33,3.86,-0.05,0.04,0.00
2024-12-25 19:31:28,811,875,787,783,774,-0.76,-9.30,3.84,0.00,-0.01,0.01
2024-12-25 19:31:28,810,872,787,787,774,-0.85,-9.33,3.92,-0.05,0.03,-0.02
2024-12-25 19:31:28,812,871,787,787,775,-0.75,-9.38,3.85,-0.04,0.02,-0.03
2024-12-25 19:31:28,814,872,788,787,776,-0.72,-9.40,3.85,-0.04,0.03,-0.02
2024-12-25 19:31:28,811,872,789,787,775,-0.77,-9.36,3.83,-0.04,0.03,-0.01
2024-12-25 19:31:29,811,873,789,786,775,-0.71,-9.36,3.89,-0.04,0.02,-0.02
2024-12-25 19:31:29,811,869,787,785,774,-0.72,-9.39,3.88,-0.04,0.03,-0.02
2024-12-25 19:31:29,810,874,788,785,776,-0.75,-9.38,3.86,-0.06,0.03,-0.01
2024-12-25 19:31:29,811,870,789,788,776,-0.70,-9.41,3.86,-0.03,0.02,-0.02
2024-12-25 19:31:29,813,871,788,784,775,-0.68,-9.38,3.80,-0.03,0.02,-0.01
2024-12-25 19:31:30,813,871,789,787,775,-0.71,-9.35,3.86,-0.04,0.02,-0.02
2024-12-25 19:31:30,813,871,787,786,775,-0.64,-9.37,3.85,-0.05,0.03,-0.02
2024-12-25 19:31:30,811,871,790,787,776,-0.71,-9.36,3.84,-0.02,0.01,-0.01
2024-12-25 19:31:30,812,870,787,787,775,-0.65,-9.41,3.81,-0.02,0.02,-0.00
2024-12-25 19:31:30,813,872,790,788,775,-0.66,-9.39,3.87,-0.03,0.03,0.00
2024-12-25 19:31:30,811,873,787,787,777,-0.69,-9.32,3.96,-0.03,-0.01,-0.02
2024-12-25 19:31:31,810,872,787,786,775,-0.74,-9.34,3.87,-0.04,0.05,0.00
2024-12-25 19:31:31,809,871,788,786,776,-0.77,-9.35,3.95,-0.05,0.03,-0.01
2024-12-25 19:31:31,814,871,789,786,776,-0.65,-9.39,3.93,-0.04,0.04,-0.03
2024-12-25 19:31:31,809,870,787,786,775,-0.75,-9.28,3.89,-0.07,0.02,-0.03
2024-12-25 19:31:31,811,872,788,787,776,-0.63,-9.37,3.91,-0.04,0.02,-0.03
2024-12-25 19:31:32,810,871,788,788,774,-0.67,-9.41,3.88,-0.03,0.02,-0.02
2024-12-25 19:31:32,811,872,787,785,775,-0.56,-9.41,3.88,-0.03,0.03,-0.01
2024-12-25 19:31:32,812,871,788,786,776,-0.64,-9.41,3.88,-0.03,0.02,-0.03
2024-12-25 19:31:32,812,872,786,785,778,-0.64,-9.44,3.85,-0.04,0.03,-0.01
2024-12-25 19:31:32,811,873,787,787,775,-0.56,-9.33,3.87,-0.05,0.03,-0.03
2024-12-25 19:31:33,812,873,786,786,774,-0.63,-9.32,3.89,-0.02,0.02,-0.02
2024-12-25 19:31:33,812,872,788,786,774,-0.60,-9.31,3.84,-0.05,0.03,0.02
2024-12-25 19:31:33,810,872,790,786,776,-0.62,-9.42,3.89,-0.03,0.03,-0.02
2024-12-25 19:31:33,811,871,788,784,773,-0.59,-9.41,3.85,-0.03,0.01,-0.01
2024-12-25 19:31:33,811,872,785,787,774,-0.67,-9.39,3.89,-0.04,0.05,-0.03
2024-12-25 19:31:33,810,871,787,785,775,-0.49,-9.42,3.83,-0.03,0.02,0.00
2024-12-25 19:31:34,809,871,788,786,773,-0.60,-9.37,3.84,-0.04,0.03,-0.02
2024-12-25 19:31:34,810,870,788,786,775,-0.61,-9.40,3.82,-0.04,0.02,-0.03
2024-12-25 19:31:34,809,869,787,788,775,-0.58,-9.42,3.85,-0.04,0.02,-0.01
2024-12-25 19:31:34,811,871,788,785,774,-0.52,-9.40,3.86,-0.04,0.03,-0.02
2024-12-25 19:31:34,813,871,787,786,775,-0.57,-9.48,3.89,-0.02,0.03,-0.00
2024-12-25 19:31:35,810,870,787,788,774,-0.50,-9.31,3.92,-0.05,0.02,0.00
2024-12-25 19:31:35,812,872,789,787,774,-0.53,-9.30,3.88,-0.01,0.01,0.02
2024-12-25 19:31:35,812,872,788,788,776,-0.64,-9.39,3.93,-0.06,0.02,-0.05
2024-12-25 19:31:35,810,871,788,786,774,-0.54,-9.38,3.92,-0.03,0.03,-0.01
2024-12-25 19:31:35,812,871,789,788,776,-0.52,-9.37,3.90,-0.02,0.02,-0.01
2024-12-25 19:31:36,812,872,787,786,774,-0.57,-9.42,3.96,-0.03,0.00,-0.03
2024-12-25 19:31:36,809,870,789,789,774,-0.56,-9.37,3.89,-0.03,0.02,-0.01
2024-12-25 19:31:36,810,872,788,787,775,-0.56,-9.34,3.93,-0.03,0.01,-0.01
2024-12-25 19:31:36,812,870,789,788,774,-0.55,-9.42,3.90,0.03,0.17,-0.08
2024-12-25 19:31:36,811,871,789,788,774,-0.48,-9.37,4.00,0.00,0.00,0.06
2024-12-25 19:31:36,811,873,788,787,775,-0.86,-9.31,4.17,-0.07,0.07,-0.11
2024-12-25 19:31:37,810,870,789,785,775,-0.27,-9.38,3.97,-0.05,0.04,-0.01
2024-12-25 19:31:37,812,872,788,789,776,-0.49,-9.29,4.03,-0.07,0.04,-0.07
2024-12-25 19:31:37,811,871,787,785,777,-0.31,-9.33,3.83,-0.03,0.02,0.02
2024-12-25 19:31:37,812,870,787,788,775,-0.51,-9.42,3.85,-0.02,0.02,-0.01
2024-12-25 19:31:37,814,872,789,787,776,-0.25,-9.39,4.12,-0.01,0.05,-0.01
2024-12-25 19:31:38,810,870,786,786,775,-0.41,-9.34,4.01,-0.04,0.01,-0.00
2024-12-25 19:31:38,811,871,788,787,776,-0.33,-9.36,4.06,-0.05,0.04,-0.01
2024-12-25 19:31:38,811,871,789,787,775,-0.40,-9.33,4.08,-0.05,0.02,-0.01
2024-12-25 19:31:38,811,872,790,787,776,-0.37,-9.37,4.00,-0.03,-0.04,0.01
2024-12-25 19:31:38,812,872,790,787,774,-0.29,-9.54,3.80,-0.04,0.05,-0.07
2024-12-25 19:31:39,811,871,787,788,776,-0.41,-9.27,3.73,-0.04,0.05,-0.01
2024-12-25 19:31:39,813,872,789,786,776,-0.34,-9.24,4.02,-0.09,-0.01,-0.05
2024-12-25 19:31:39,812,870,787,785,774,-0.47,-9.43,3.87,-0.12,-0.02,-0.07
2024-12-25 19:31:39,813,871,788,789,775,-0.20,-9.34,4.02,-0.08,-0.01,-0.01
2024-12-25 19:31:39,810,871,789,786,776,-0.19,-9.45,3.90,-0.02,0.01,-0.03
2024-12-25 19:31:39,811,872,788,786,775,-0.40,-9.21,3.79,-0.09,0.00,0.02
2024-12-25 19:31:40,815,872,789,786,775,-0.11,-9.45,4.31,-0.01,0.00,-0.06
2024-12-25 19:31:40,810,871,787,788,775,-0.30,-9.16,3.78,-0.07,-0.01,0.03
2024-12-25 19:31:40,812,872,788,790,775,-0.43,-9.32,3.99,-0.05,0.03,-0.02
2024-12-25 19:31:40,811,872,789,787,774,-0.12,-9.50,4.19,-0.00,0.02,-0.03
2024-12-25 19:31:40,811,868,790,789,776,-0.33,-9.36,4.00,-0.03,0.02,-0.00
2024-12-25 19:31:41,812,871,789,786,775,-0.19,-9.33,4.03,-0.09,0.05,-0.04
2024-12-25 19:31:41,811,870,787,787,774,-0.29,-9.38,3.89,-0.06,0.04,0.00
2024-12-25 19:31:41,810,871,788,787,774,-0.40,-9.37,3.95,-0.00,0.03,0.04
2024-12-25 19:31:41,812,872,787,787,776,-0.51,-9.30,3.99,-0.02,0.02,0.02
2024-12-25 19:31:41,810,870,788,786,777,-0.42,-9.36,4.03,-0.05,0.03,-0.03
2024-12-25 19:31:42,812,870,789,787,775,-0.44,-9.39,4.07,-0.04,0.03,-0.02
2024-12-25 19:31:42,811,871,789,787,775,-0.49,-9.39,4.02,-0.05,0.04,-0.02
2024-12-25 19:31:42,812,869,789,787,775,-0.41,-9.32,4.03,-0.05,0.03,-0.02
2024-12-25 19:31:42,813,870,790,788,775,-0.41,-9.39,4.05,-0.05,0.04,-0.02
2024-12-25 19:31:42,810,870,788,788,774,-0.46,-9.34,4.00,-0.04,0.03,-0.02
2024-12-25 19:31:42,812,869,789,787,775,-0.39,-9.39,4.05,-0.03,0.03,-0.01
2024-12-25 19:31:43,812,869,788,786,774,-0.42,-9.35,4.01,-0.04,0.02,-0.02
2024-12-25 19:31:43,813,869,788,787,775,-0.26,-9.32,4.09,-0.04,0.03,-0.02
2024-12-25 19:31:43,811,871,789,787,774,-0.31,-9.40,3.98,-0.04,0.02,-0.02
2024-12-25 19:31:43,812,869,787,786,776,-0.32,-9.35,4.05,-0.03,0.03,-0.02
2024-12-25 19:31:43,810,871,790,787,775,-0.28,-9.34,4.02,-0.04,0.02,-0.01
2024-12-25 19:31:44,810,870,789,787,774,-0.28,-9.33,4.03,-0.03,0.01,-0.00
2024-12-25 19:31:44,812,873,789,788,774,-0.34,-9.43,4.05,-0.01,-0.00,0.02
2024-12-25 19:31:44,811,872,788,788,776,-0.53,-9.43,4.85,0.04,0.04,-0.07
2024-12-25 19:31:44,810,869,787,784,775,-0.19,-9.26,3.60,-0.04,0.06,-0.09
2024-12-25 19:31:44,812,871,789,788,775,-0.11,-9.42,4.13,-0.06,0.03,-0.02
2024-12-25 19:31:45,811,870,789,788,775,-0.34,-9.31,4.02,-0.01,0.02,-0.01
2024-12-25 19:31:45,812,871,787,787,773,0.10,-9.28,4.15,0.00,0.00,-0.00
2024-12-25 19:31:45,812,870,789,787,775,-0.49,-9.36,4.12,-0.02,0.01,0.01
2024-12-25 19:31:45,813,872,790,788,775,-0.19,-9.32,4.14,-0.02,0.00,-0.02
2024-12-25 19:31:45,811,871,788,788,775,-0.22,-9.35,3.99,-0.03,0.01,-0.02
2024-12-25 19:31:45,813,871,791,788,774,-0.10,-9.24,4.08,-0.05,0.02,-0.07
2024-12-25 19:31:46,811,872,789,788,775,-0.11,-9.29,4.20,-0.02,0.01,0.01
2024-12-25 19:31:46,812,872,789,787,774,-0.30,-9.33,4.18,-0.05,0.02,-0.01
2024-12-25 19:31:46,811,873,790,789,775,-0.08,-9.35,4.13,-0.00,0.08,-0.05
2024-12-25 19:31:46,812,868,788,784,775,-0.26,-9.27,4.19,-0.08,0.04,-0.03
2024-12-25 19:31:46,811,870,790,789,775,-0.07,-9.28,4.11,-0.06,0.03,0.01
2024-12-25 19:31:47,811,870,788,790,776,-0.31,-9.37,4.08,-0.04,0.03,0.01
2024-12-25 19:31:47,810,869,788,786,774,-0.22,-9.33,4.15,-0.04,0.03,0.01
2024-12-25 19:31:47,813,871,788,787,777,-0.50,-9.36,4.09,-0.03,0.03,0.01
2024-12-25 19:31:47,812,871,790,788,775,-0.26,-9.31,4.10,-0.03,0.03,-0.01
2024-12-25 19:31:47,808,869,789,785,776,-0.36,-9.25,4.16,-0.04,0.03,-0.01
2024-12-25 19:31:47,814,872,789,788,777,-0.26,-9.29,4.12,-0.03,0.02,-0.02
2024-12-25 19:31:48,813,871,787,786,776,-0.27,-9.32,4.18,-0.01,0.01,0.02
2024-12-25 19:31:48,811,871,789,787,774,-0.53,-9.35,4.39,-0.03,0.02,0.02
2024-12-25 19:31:48,812,871,789,787,776,-0.35,-9.40,4.37,-0.02,0.02,-0.07
2024-12-25 19:31:48,812,870,788,786,774,0.03,-9.38,3.58,-0.08,0.03,-0.06
2024-12-25 19:31:48,811,869,789,788,774,-0.11,-9.73,3.85,-0.04,-0.04,0.01
2024-12-25 19:31:49,814,873,790,788,776,-0.20,-9.28,3.82,-0.00,-0.01,0.08
2024-12-25 19:31:49,812,871,790,790,773,-0.49,-9.43,4.65,-0.03,-0.02,0.04
2024-12-25 19:31:49,812,872,789,787,774,-0.59,-9.31,3.62,-0.07,0.04,0.00
2024-12-25 19:31:49,811,871,789,786,776,-0.37,-9.33,3.96,-0.06,0.05,-0.02
2024-12-25 19:31:49,811,871,788,790,775,-0.22,-9.29,4.09,0.02,0.02,0.03
2024-12-25 19:31:50,812,870,790,788,775,-0.50,-9.40,4.21,-0.02,0.04,0.04
2024-12-25 19:31:50,812,869,791,787,776,-0.60,-9.32,4.00,-0.05,-0.01,-0.00
2024-12-25 19:31:50,810,867,788,789,773,-0.40,-9.26,3.99,-0.03,0.02,0.05
2024-12-25 19:31:50,810,871,790,787,775,-0.87,-9.43,4.07,-0.07,0.02,-0.02
2024-12-25 19:31:50,811,869,788,788,774,-0.66,-9.32,4.17,-0.03,0.03,0.01
2024-12-25 19:31:50,810,870,791,788,773,-0.57,-9.22,4.10,-0.05,0.02,-0.05
2024-12-25 19:31:51,812,869,791,789,774,-0.75,-9.32,4.50,-0.04,0.03,0.04
2024-12-25 19:31:51,810,872,788,786,774,-0.69,-9.25,4.15,-0.03,0.04,-0.03
2024-12-25 19:31:51,811,870,788,787,776,-0.60,-9.29,4.13,-0.06,0.04,-0.04
2024-12-25 19:31:51,811,870,790,787,776,-0.64,-9.29,3.79,-0.05,0.05,0.03
2024-12-25 19:31:51,814,870,790,786,774,-0.62,-9.24,4.11,0.00,0.01,0.05
2024-12-25 19:31:52,812,870,787,786,773,-1.16,-9.32,4.17,-0.00,-0.01,0.04
2024-12-25 19:31:52,811,870,789,787,774,-0.97,-9.20,4.15,-0.02,0.03,-0.02
2024-12-25 19:31:52,810,869,789,788,776,-0.93,-9.28,4.14,-0.04,0.03,-0.03
2024-12-25 19:31:52,809,870,789,787,774,-0.97,-9.20,4.13,-0.03,0.03,-0.01
2024-12-25 19:31:52,814,872,791,785,775,-0.90,-9.16,4.14,-0.04,0.00,-0.01
2024-12-25 19:31:53,811,870,788,787,774,-1.03,-9.30,4.16,-0.03,0.03,-0.04
2024-12-25 19:31:53,811,870,790,787,774,-0.93,-9.31,4.20,-0.03,0.02,0.00
2024-12-25 19:31:53,812,871,789,788,774,-0.95,-9.25,4.28,-0.04,0.04,-0.03
2024-12-25 19:31:53,811,871,789,787,773,-0.93,-9.28,4.16,-0.04,0.03,-0.02
2024-12-25 19:31:53,812,869,787,787,775,-0.86,-9.16,4.17,-0.06,0.02,-0.01
2024-12-25 19:31:53,811,870,789,786,773,-0.86,-9.26,4.11,-0.02,0.00,0.06
2024-12-25 19:31:54,810,870,789,787,775,-1.05,-9.18,4.40,0.01,-0.02,0.05
2024-12-25 19:31:54,811,868,788,787,775,-1.26,-9.19,4.04,-0.04,0.02,-0.06
2024-12-25 19:31:54,809,871,789,788,775,-0.79,-9.18,4.41,0.01,0.03,-0.01
2024-12-25 19:31:54,811,868,789,788,773,-1.09,-9.17,4.02,-0.03,0.03,-0.03
2024-12-25 19:31:54,812,869,792,787,775,-0.90,-9.17,4.32,-0.05,0.01,-0.06
2024-12-25 19:31:55,811,871,788,788,775,-0.86,-9.25,4.41,-0.00,0.04,0.00
2024-12-25 19:31:55,811,872,788,786,774,-0.94,-9.07,4.10,-0.03,0.02,-0.00
2024-12-25 19:31:55,811,871,788,788,776,-0.93,-9.14,4.53,0.01,0.01,0.00
2024-12-25 19:31:55,812,872,791,788,775,-1.22,-9.20,3.98,-0.14,0.02,-0.07
2024-12-25 19:31:55,811,870,787,786,775,-0.80,-9.20,4.47,-0.04,0.06,0.03
2024-12-25 19:31:56,811,870,788,786,774,-0.93,-9.18,3.95,-0.06,0.00,-0.00
2024-12-25 19:31:56,810,869,789,786,774,-0.90,-9.21,4.10,-0.03,0.03,-0.03
2024-12-25 19:31:56,809,871,788,788,774,-0.97,-9.26,4.35,-0.02,0.02,0.00
2024-12-25 19:31:56,814,871,787,787,774,-0.94,-9.15,4.14,-0.04,0.03,-0.03
2024-12-25 19:31:56,810,868,787,788,774,-0.84,-9.13,4.39,-0.06,0.00,-0.04
2024-12-25 19:31:56,812,871,787,788,775,-1.13,-9.28,4.49,-0.04,0.02,-0.00
2024-12-25 19:31:57,813,870,788,787,774,-0.99,-9.24,4.41,-0.03,0.05,-0.03
2024-12-25 19:31:57,809,872,792,787,775,-0.74,-9.24,4.11,0.01,0.02,-0.03
2024-12-25 19:31:57,812,873,788,787,776,-1.07,-9.18,4.06,-0.03,0.03,-0.03
2024-12-25 19:31:57,813,869,788,788,775,-0.84,-9.16,4.57,-0.06,0.02,-0.01
2024-12-25 19:31:57,811,872,790,786,775,-0.91,-9.22,4.38,-0.01,0.04,-0.02
2024-12-25 19:31:58,810,871,791,789,776,-0.90,-9.16,4.08,-0.06,0.03,-0.02
2024-12-25 19:31:58,812,870,788,786,773,-0.86,-9.23,4.39,-0.02,0.04,-0.01
2024-12-25 19:31:58,813,870,788,785,774,-0.95,-9.26,4.30,-0.03,0.04,-0.01
2024-12-25 19:31:58,810,870,789,788,775,-0.85,-9.15,4.28,-0.05,0.01,0.00
2024-12-25 19:31:58,809,871,788,788,775,-1.01,-9.15,4.42,-0.03,0.02,-0.01
2024-12-25 19:31:59,813,871,790,789,775,-0.78,-9.18,4.36,-0.03,0.03,-0.03
2024-12-25 19:31:59,810,869,788,786,774,-0.89,-9.18,4.30,-0.05,0.02,-0.02
2024-12-25 19:31:59,814,872,787,787,774,-0.86,-9.15,4.47,-0.05,0.04,-0.02
2024-12-25 19:31:59,812,871,789,788,775,-0.91,-9.17,4.27,-0.05,0.04,0.00
2024-12-25 19:31:59,811,870,789,787,774,-0.87,-9.25,4.31,-0.04,0.03,-0.02
2024-12-25 19:31:59,812,871,789,786,774,-0.92,-9.17,4.23,-0.06,0.02,-0.02
2024-12-25 19:32:00,812,871,788,788,776,-0.76,-9.19,4.32,-0.04,0.03,-0.01
2024-12-25 19:32:00,809,867,788,786,774,-0.94,-9.17,4.33,-0.04,0.02,-0.02
2024-12-25 19:32:00,812,871,791,788,776,-0.82,-9.15,4.26,-0.05,0.02,-0.02
2024-12-25 19:32:00,812,870,790,787,776,-0.82,-9.18,4.30,-0.05,0.03,-0.02
2024-12-25 19:32:00,813,869,788,788,774,-0.80,-9.19,4.33,-0.02,0.01,0.01
2024-12-25 19:32:01,813,871,790,787,774,-0.82,-9.14,4.32,-0.04,0.01,0.04
2024-12-25 19:32:01,810,867,788,786,774,-1.21,-9.07,4.37,-0.04,0.01,0.03
2024-12-25 19:32:01,812,870,788,788,776,-0.83,-9.13,4.36,-0.07,0.03,-0.05
2024-12-25 19:32:01,812,869,789,788,776,-1.05,-9.12,4.44,0.00,0.06,0.03
2024-12-25 19:32:01,810,871,788,787,773,-0.76,-9.18,4.66,-0.04,0.03,-0.01
2024-12-25 19:32:02,811,871,787,787,774,-0.98,-9.22,4.15,-0.00,0.01,-0.01
2024-12-25 19:32:02,812,870,786,786,776,-0.44,-9.34,4.30,-0.06,-0.03,-0.02
2024-12-25 19:32:02,809,870,788,787,775,-1.13,-9.64,3.73,-0.18,0.02,-0.09
2024-12-25 19:32:02,812,870,790,788,775,-0.84,-9.10,3.96,-0.17,0.04,-0.07
2024-12-25 19:32:02,812,869,789,786,775,-0.65,-9.20,3.92,-0.13,0.04,-0.04
2024-12-25 19:32:02,812,869,790,786,774,-1.26,-9.58,3.87,-0.07,0.08,0.29
2024-12-25 19:32:03,811,871,789,787,775,-0.96,-9.19,3.57,0.02,-0.03,-0.03
2024-12-25 19:32:03,810,869,789,788,775,-1.08,-9.47,3.90,-0.07,0.00,-0.05
2024-12-25 19:32:03,811,871,789,786,774,-0.99,-9.36,3.64,-0.10,0.04,-0.05
2024-12-25 19:32:03,812,869,789,789,777,-0.77,-9.39,3.90,0.05,0.06,-0.01
2024-12-25 19:32:03,812,870,788,787,774,-0.91,-9.48,3.83,-0.16,0.00,0.05
2024-12-25 19:32:04,810,871,789,787,774,-1.09,-9.24,3.55,-0.16,0.06,0.06
2024-12-25 19:32:04,811,870,790,786,775,-1.22,-9.42,3.78,-0.01,0.04,-0.00
2024-12-25 19:32:04,813,873,789,788,775,-1.12,-9.38,3.76,-0.03,0.05,-0.05
2024-12-25 19:32:04,811,870,787,788,774,-1.24,-9.34,3.67,-0.03,0.02,-0.01
2024-12-25 19:32:04,813,870,790,788,777,-0.84,-9.28,3.96,0.01,0.02,0.02
2024-12-25 19:32:04,810,870,790,787,775,-1.09,-9.36,3.80,-0.02,0.02,-0.04
2024-12-25 19:32:05,810,872,788,788,774,-0.90,-9.32,3.86,-0.01,-0.01,-0.01
2024-12-25 19:32:05,814,871,789,789,775,-1.10,-9.26,3.84,-0.03,0.00,0.01
2024-12-25 19:32:05,811,868,789,786,774,-1.03,-9.28,4.08,-0.03,0.05,-0.04
2024-12-25 19:32:05,810,869,787,786,774,-1.05,-9.32,3.92,-0.04,0.02,0.00
2024-12-25 19:32:05,811,870,788,788,775,-0.95,-9.30,3.94,-0.01,0.03,-0.01
2024-12-25 19:32:06,810,869,788,788,778,-1.05,-9.26,4.01,-0.03,0.03,-0.03
2024-12-25 19:32:06,812,870,789,788,775,-1.04,-9.23,4.07,-0.03,0.03,-0.01
2024-12-25 19:32:06,810,869,788,788,774,-1.02,-9.25,4.03,-0.05,0.04,-0.02
2024-12-25 19:32:06,810,868,789,787,775,-0.93,-9.19,4.02,-0.06,0.01,-0.01
2024-12-25 19:32:06,812,871,789,787,775,-1.12,-9.32,4.10,-0.03,0.03,-0.02
2024-12-25 19:32:07,811,868,789,787,775,-1.02,-9.31,4.02,-0.02,0.03,-0.00
2024-12-25 19:32:07,811,870,787,787,775,-0.96,-9.27,4.02,-0.05,0.02,-0.02
2024-12-25 19:32:07,812,870,791,787,775,-0.98,-9.25,4.08,-0.02,0.02,-0.02
2024-12-25 19:32:07,810,870,790,787,774,-1.18,-9.29,4.05,-0.08,0.03,-0.02
2024-12-25 19:32:07,812,870,789,789,773,-0.95,-9.27,4.05,-0.05,0.03,-0.01
2024-12-25 19:32:07,811,868,790,788,773,-1.00,-9.31,3.96,-0.06,0.01,-0.04
2024-12-25 19:32:08,809,869,788,787,774,-0.97,-9.27,4.19,-0.03,0.03,-0.01
2024-12-25 19:32:08,811,869,790,788,776,-0.93,-9.27,4.04,-0.04,0.03,-0.02
2024-12-25 19:32:08,810,869,789,788,774,-0.99,-9.27,4.06,-0.03,0.02,-0.03
2024-12-25 19:32:08,813,869,791,788,774,-0.90,-9.27,4.13,-0.05,0.03,-0.02
2024-12-25 19:32:08,811,869,790,788,776,-0.94,-9.23,4.19,-0.04,0.03,-0.02
2024-12-25 19:32:09,813,870,787,787,773,-0.92,-9.28,4.03,-0.03,0.02,-0.01
2024-12-25 19:32:09,812,869,789,788,774,-0.87,-9.29,4.05,-0.04,0.03,-0.02
2024-12-25 19:32:09,810,869,789,786,773,-0.84,-9.22,4.06,-0.05,0.03,-0.01
2024-12-25 19:32:09,811,868,789,787,776,-0.88,-9.28,4.09,-0.05,0.03,-0.01
2024-12-25 19:32:09,812,870,791,787,774,-0.98,-9.28,4.07,-0.09,0.04,-0.05
2024-12-25 19:32:10,811,868,788,786,776,-0.77,-9.31,3.94,-0.04,0.02,0.01
2024-12-25 19:32:10,810,870,789,788,774,-1.01,-9.31,4.04,-0.05,0.01,0.02
2024-12-25 19:32:10,812,869,789,787,775,-0.94,-9.29,4.01,-0.01,0.02,-0.03
2024-12-25 19:32:10,811,871,789,786,774,-0.92,-9.26,4.02,-0.03,0.03,-0.01
2024-12-25 19:32:10,811,869,790,787,775,-0.94,-9.29,4.03,-0.02,0.02,0.01
2024-12-25 19:32:10,811,868,790,789,775,-0.97,-9.27,4.14,-0.02,0.01,0.01
2024-12-25 19:32:11,810,870,789,787,774,-1.06,-9.18,4.18,-0.03,0.02,-0.02
2024-12-25 19:32:11,814,871,789,788,775,-0.98,-9.27,4.12,-0.05,0.04,-0.01
2024-12-25 19:32:11,811,870,789,787,774,-1.03,-9.23,4.11,-0.06,0.03,-0.00
2024-12-25 19:32:11,812,871,788,788,774,-1.05,-9.24,4.04,-0.04,0.03,-0.01
2024-12-25 19:32:11,812,871,788,787,775,-1.02,-9.24,4.02,-0.03,0.03,0.00
2024-12-25 19:32:12,812,869,789,788,774,-1.06,-9.31,4.01,-0.04,0.01,-0.02
2024-12-25 19:32:12,810,865,787,785,773,-1.06,-9.15,3.88,-0.04,0.07,-0.02
2024-12-25 19:32:12,811,868,789,788,774,-0.93,-9.23,4.21,-0.01,0.01,0.03
2024-12-25 19:32:12,812,870,788,787,774,-1.33,-9.53,4.04,-0.12,0.03,-0.05
2024-12-25 19:32:12,812,870,790,786,775,-0.54,-9.13,3.64,0.02,0.04,-0.05
2024-12-25 19:32:13,810,869,789,787,775,-1.11,-9.31,4.11,-0.06,0.00,0.01
2024-12-25 19:32:13,812,871,788,791,774,-1.05,-9.33,3.77,-0.02,0.04,0.05
2024-12-25 19:32:13,814,869,788,787,774,-1.05,-8.96,4.29,-0.07,0.00,-0.12
2024-12-25 19:32:13,813,868,787,787,775,-0.92,-9.56,4.33,0.02,0.04,-0.07
2024-12-25 19:32:13,812,870,790,789,774,-0.96,-9.46,4.21,-0.02,0.03,-0.03
2024-12-25 19:32:13,811,869,790,788,773,-0.87,-8.98,4.14,-0.03,-0.02,-0.02
2024-12-25 19:32:14,813,869,788,787,775,-0.82,-9.15,3.87,-0.04,0.00,-0.06
2024-12-25 19:32:14,813,868,790,786,775,-0.55,-9.44,4.47,-0.03,0.02,-0.04
2024-12-25 19:32:14,811,869,787,788,775,-0.82,-9.37,4.16,-0.05,0.03,0.01
2024-12-25 19:32:14,813,869,789,787,775,-0.60,-9.39,4.37,-0.01,0.00,-0.02
2024-12-25 19:32:14,814,869,788,786,773,-1.48,-9.22,3.49,-0.15,-0.03,0.08
2024-12-25 19:32:15,812,867,787,786,774,-0.47,-9.15,4.68,-0.00,0.03,-0.03
2024-12-25 19:32:15,814,870,790,789,775,-0.79,-9.19,4.09,-0.03,0.02,-0.03
2024-12-25 19:32:15,814,870,788,787,776,-0.80,-9.25,4.10,0.01,0.09,0.04
2024-12-25 19:32:15,812,869,789,787,774,-0.66,-9.14,4.11,-0.07,0.00,-0.04
2024-12-25 19:32:15,812,870,791,787,775,-0.85,-9.08,4.47,-0.01,-0.01,0.06
2024-12-25 19:32:16,812,870,788,787,775,-1.02,-9.17,4.51,-0.01,0.04,-0.04
2024-12-25 19:32:16,814,868,790,788,777,-0.62,-9.29,4.63,-0.02,0.06,-0.02
2024-12-25 19:32:16,815,870,789,789,777,-0.76,-8.98,4.21,-0.16,0.01,-0.04
2024-12-25 19:32:16,812,868,787,788,775,-0.73,-9.34,4.77,-0.23,0.05,0.07
2024-12-25 19:32:16,814,867,790,788,776,-1.12,-9.19,3.29,0.00,-0.01,0.00
2024-12-25 19:32:16,814,869,789,787,775,-0.84,-9.30,4.54,-0.03,0.03,-0.04
2024-12-25 19:32:17,814,871,789,787,775,-1.07,-9.25,4.15,-0.01,0.04,0.00
2024-12-25 19:32:17,815,868,786,786,774,-0.73,-9.21,4.21,-0.12,0.09,-0.02
2024-12-25 19:32:17,813,870,789,788,775,-1.13,-9.26,4.17,-0.02,0.01,-0.02
2024-12-25 19:32:17,813,869,790,787,774,-0.86,-9.18,4.20,-0.03,-0.01,-0.03
2024-12-25 19:32:17,815,870,788,788,774,-0.95,-9.19,4.19,-0.06,0.00,-0.04
2024-12-25 19:32:18,815,871,788,786,775,-0.91,-9.22,4.20,-0.09,0.04,-0.03
2024-12-25 19:32:18,813,869,787,786,775,-0.90,-9.29,4.10,-0.02,0.04,-0.02
2024-12-25 19:32:18,815,869,789,788,776,-0.91,-9.21,4.16,-0.05,0.01,-0.01
2024-12-25 19:32:18,814,868,788,785,773,-0.83,-9.22,4.13,-0.03,-0.01,-0.01
2024-12-25 19:32:18,813,869,788,788,775,-0.81,-9.25,4.14,-0.06,0.01,-0.02
2024-12-25 19:32:19,817,866,788,787,774,-0.79,-9.28,4.15,-0.02,0.03,-0.03
